"type","value","source"
"hash_md5","1E210FCC47EDA459998C9A74C30F394E","public"
"hash_md5","351260C2873645E314A889170C7A7750","public"
"hash_md5","373EBF513D0838E1B8C3CE2028C3E673","public"
"hash_md5","7140DBD0CA6EF09C74188A41389B0799","public"
"hash_md5","8E960334C786280E962DB6475E0473AB","public"
"hash_md5","9B738D877E6590B40C2784BE10C215D7","public"
"hash_md5","FAA47ECBCC846BF182E4ECF3F190A9F4","public"
"domain","cdns-clfr-dns.com","public"
"domain","claim32200-for2021-taxcredit.com","public"
"domain","irs-claim-covid.com","public"
"domain","irs.gov.tax-winnings.com","public"
"domain","query-dns-cdn.com","public"
"domain","signal-group.site","public"
"domain","signal-groups.site","public"
"domain","signal-groups.tech","public"
"domain","tax-calculator-31430.bond","public"
"domain","teneta.add-group.site","public"
"domain","update.fjke5oe.com","public"
"domain","www.b8pjmgd6.com","public"
"hash_sha256","243B92959CD9AA03482F3398FBE81B4874C50A5945FE6B0C0ABB432A33DB853F","public"
"hash_sha256","2BAE8B07F5098E1CA8FB5A5776EB874072ACE4E19734CBA4AF4450EECCDE7F89","public"
"hash_sha256","33EA72B46AF7BB2ECC0775F7536D3259F34BD7A13E298CAC66649EE694097C2E","public"
"hash_sha256","3CEF0B5F069CC1D15D36AA83D54D2A7BE79B29B02081B6592DD4714639AD0A66","public"
"hash_sha256","3E137DA41CB509412EE230C6D7AAC3D69361358B28C3A09EC851D3C0F3853326","public"
"hash_sha256","40EBD719AA66A88E261633887ED4E2C144BD11FBCC6F7793F9B32652CC5BF2D3","public"
"hash_sha256","43DE1831368E6420B90210E15F72CEA9171478391E15EFDD608AD22FE916CEA8","public"
"hash_sha256","4A92FA725ADC57D7B501F33E87230A8291CF8AD22D4D3A830293ABCC0AC10D12","public"
"hash_sha256","4EAEBD93E23BE3427D4C1349D64BEF4B5FC455C93AEBB9B5B752981E9266488E","public"
"hash_sha256","5051F0AA11DA67E16797DAA51992467AD45C5BF18DCD2E252E8AA63D3FCE31BC","public"
"hash_sha256","5064B2A8FCFC58C18F53773411F41824B7F6C2675C1D531FFA109DC4F842119B","public"
"hash_sha256","7416F6B69B34B3A36A86E50808E1DC47F4DC665BFD6F394CEF65E0BA5EAF961B","public"
"hash_sha256","9192A1C1AB42186A46E08B914D66253440AF2D2BE6B497C34FE4B1770C3B5E01","public"
"hash_sha256","94B1087AF3120AE22CEA734D9EEA88EDE4AD5ABE4BDEAB2CC890E893C09BE955","public"
"hash_sha256","A0887FA90F88DD002B025A97B3A57E4FDB7F5FDD725490D96776F8626F528EF2","public"
"hash_sha256","A229A2943CF8D1B073574F0C050CA06392D0525B2028F4B4B04D1E4B40110C66","public"
"hash_sha256","A2452456EB3A1A51116D9C2991AAE3B0982ACC1A9B30EFEE92A4F102DC4D2927","public"
"hash_sha256","AB54AF1DBE6A82488DB161A7F57CD74F2DD282A9522587F18313B4E9835DC558","public"
"hash_sha256","C4DB25AB55AF2E943A297A5ECF7A62ACC3AD8897EC8BA4AB3226A138DA237B82","public"
"hash_sha256","DA8EF50FE5E571D0143A758C7C66BB55653F1F2D04F16464FC857226441D79B2","public"
"hash_sha256","F0DF09513DCF292264B3336269952C7E9FF685DF8180A2035BEE9F3143B36609","public"
"hash_sha256","F8915C5BE0649642DAC22572355F1462972F5087471F66F6A243F2374B208EB8","public"
"hash_sha256","FBC67446DAAA0A0264ED7A252AB42413D6A43C2E5AB43437C2B3272DAEC85E81","public"
"hash_sha256","FDAD627A21A95EA2A6136C264C6A6CC2F0910A24881118B6EABC2D6509DC8DD7","public"
